Year,Box Office Collection,IMDB Rating,metascore,time_minute,Target,Imdb_genre_Comedy,Imdb_genre_Drama,Imdb_genre_Horror,Imdb_genre_Sci-Fi,Imdb_genre_Thriller
2007,14371564.0,67.0,43.0,88.0,Flop,True,False,False,False,False
2018,117378084.0,69.0,66.0,100.0,Flop,True,False,False,False,False
1996,181489203.0,64.0,58.0,103.0,Flop,True,False,False,False,False
2000,277200000.0,62.0,48.0,88.0,Flop,True,False,False,False,False
2018,94523781.0,62.0,69.0,102.0,Flop,True,False,False,False,False
1993,441286003.0,70.0,53.0,125.0,Flop,True,False,False,False,False
2012,116044347.0,71.0,66.0,112.0,Flop,True,False,False,False,False
2009,8607693.0,72.0,68.0,97.0,Crowd Pleaser,True,False,False,False,False
1988,151665347.0,73.0,73.0,104.0,Capolavoro Universale,True,False,False,False,False
2001,292102.0,65.0,42.0,97.0,Flop,True,False,False,False,False
2002,77063461.0,63.0,66.0,102.0,Flop,True,False,False,False,False
1993,7961889.0,76.0,78.0,103.0,Capolavoro Universale,True,False,False,False,False
1994,107217396.0,69.0,37.0,86.0,Flop,True,False,False,False,False
2006,500296.0,65.0,66.0,84.0,Flop,True,False,False,False,False
2004,50948811.0,72.0,64.0,98.0,Crowd Pleaser,True,False,False,False,False
2015,141123897.0,62.0,75.0,125.0,Flop,True,False,False,False,False
1985,69679794.5,70.0,47.0,91.0,Gemma della Critica,True,False,False,False,False
1995,32648673.0,71.0,46.0,97.0,Flop,True,False,False,False,False
1999,101815660.0,67.0,63.0,108.0,Flop,True,False,False,False,False
2001,60780981.0,65.0,61.0,90.0,Flop,True,False,False,False,False
2001,23182223.0,70.0,48.0,100.0,Flop,True,False,False,False,False
1996,41004412.0,70.0,31.0,92.0,Flop,True,False,False,False,False
2012,202812429.0,72.0,69.0,109.0,Crowd Pleaser,True,False,False,False,False
1989,69679794.5,69.0,50.0,90.0,Flop,True,False,False,False,False
1987,67331309.0,72.0,84.0,133.0,Capolavoro Universale,True,False,False,False,False
2009,7788804.0,74.0,83.0,106.0,Capolavoro Universale,True,False,False,False,False
2018,238099711.0,69.0,74.0,120.0,Gemma della Critica,True,False,False,False,False
2001,42776032.0,73.0,68.0,87.0,Capolavoro Universale,True,False,False,False,False
1978,41590893.0,57.0,70.0,61.0,Flop,True,False,False,False,False
2005,69679794.5,71.0,73.0,116.0,Flop,True,False,False,False,False
2014,163503514.0,81.0,88.0,99.0,Capolavoro Universale,True,False,False,False,False
2008,34533783.0,79.0,67.0,107.0,Crowd Pleaser,True,False,False,False,False
1999,234723148.0,70.0,58.0,95.0,Flop,True,False,False,False,False
2008,168167798.0,70.0,63.0,96.0,Flop,True,False,False,False,False
2001,141809235.0,64.0,59.0,96.0,Flop,True,False,False,False,False
2014,7285099.0,78.0,79.0,119.0,Capolavoro Universale,True,False,False,False,False
1988,74837061.0,75.0,70.0,92.0,Crowd Pleaser,True,False,False,False,False
1996,181760553.0,71.0,72.0,117.0,Flop,True,False,False,False,False
1991,124033872.0,68.0,70.0,113.0,Gemma della Critica,True,False,False,False,False
1981,85300000.0,68.0,68.0,106.0,Gemma della Critica,True,False,False,False,False
1948,69679794.5,73.0,70.0,83.0,Capolavoro Universale,False,False,True,False,False
2015,69679794.5,70.0,75.0,120.0,Gemma della Critica,True,False,False,False,False
2001,277902373.0,67.0,66.0,97.0,Flop,True,False,False,False,False
1987,80642215.0,71.0,83.0,102.0,Gemma della Critica,True,False,False,False,False
1979,38200000.0,57.0,46.0,98.0,Gemma della Critica,False,False,False,False,True
1955,77392139.0,62.0,56.0,104.0,Gemma della Critica,True,False,False,False,False
1992,132440066.0,73.0,69.0,128.0,Crowd Pleaser,True,False,False,False,False
1988,42039000.0,74.0,68.0,110.0,Capolavoro Universale,True,False,False,False,False
1987,69679794.5,73.0,67.0,121.0,Capolavoro Universale,True,False,False,False,False
1970,81600000.0,84.0,70.0,25.0,Crowd Pleaser,True,False,False,False,False
1989,69679794.5,77.0,76.0,95.0,Capolavoro Universale,True,False,False,False,False
2004,19474552.0,70.0,64.0,88.0,Flop,True,False,False,False,False
2004,46122713.0,69.0,64.0,96.0,Flop,True,False,False,False,False
1981,81464486.0,69.0,69.0,97.0,Gemma della Critica,True,False,False,False,False
1982,177200000.0,74.0,88.0,116.0,Capolavoro Universale,True,False,False,False,False
2000,20695413.0,74.0,78.0,90.0,Capolavoro Universale,True,False,False,False,False
1994,69679794.5,75.0,70.0,104.0,Capolavoro Universale,True,False,False,False,False
2004,130714469.0,71.0,66.0,97.0,Flop,True,False,False,False,False
1987,38119483.0,71.0,46.0,96.0,Flop,True,False,False,False,False
1992,231600000.0,64.0,51.0,100.0,Flop,True,False,False,False,False
2008,128107642.0,69.0,51.0,98.0,Flop,True,False,False,False,False
1989,6157157.0,69.0,32.0,97.0,Flop,True,False,False,False,False
1983,69679794.5,73.0,55.0,98.0,Capolavoro Universale,True,False,False,False,False
1999,90523726.0,74.0,70.0,102.0,Capolavoro Universale,True,False,False,False,False
1971,69679794.5,79.0,62.0,91.0,Capolavoro Universale,True,False,False,False,False
2000,330425040.0,70.0,73.0,108.0,Flop,True,False,False,False,False
2017,140886353.0,62.0,71.0,122.0,Gemma della Critica,True,False,False,False,False
1979,30177511.0,80.0,83.0,130.0,Capolavoro Universale,True,False,False,False,False
1992,183097323.0,70.0,57.0,94.0,Flop,True,False,False,False,False
1982,27093116.0,71.0,61.0,90.0,Flop,True,False,False,False,False
1944,69679794.5,79.0,70.0,118.0,Crowd Pleaser,True,False,False,False,False
2004,102034104.0,77.0,78.0,99.0,Capolavoro Universale,True,False,False,False,False
2019,24949770.0,71.0,84.0,102.0,Gemma della Critica,True,False,False,False,False
1989,982614.0,72.0,72.0,103.0,Capolavoro Universale,True,False,False,False,False
1967,69679794.5,78.0,70.0,155.0,Capolavoro Universale,True,False,False,False,False
1984,316300000.0,73.0,66.0,105.0,Crowd Pleaser,True,False,False,False,False
1999,12179708.0,77.0,68.0,89.0,Crowd Pleaser,True,False,False,False,False
1994,242895809.0,71.0,81.0,117.0,Gemma della Critica,True,False,False,False,False
1967,104466833.0,80.0,83.0,106.0,Capolavoro Universale,True,False,False,False,False
1986,69679794.5,78.0,61.0,103.0,Crowd Pleaser,True,False,False,False,False
1998,369884651.0,71.0,69.0,119.0,Flop,True,False,False,False,False
2006,69679794.5,73.0,89.0,84.0,Capolavoro Universale,True,False,False,False,False
1995,27936778.0,72.0,54.0,91.0,Crowd Pleaser,True,False,False,False,False
2007,169955142.0,76.0,76.0,113.0,Capolavoro Universale,True,False,False,False,False
2007,80976736.0,78.0,81.0,121.0,Capolavoro Universale,True,False,False,False,False
2009,465487583.0,77.0,73.0,100.0,Crowd Pleaser,True,False,False,False,False
2003,222344688.0,70.0,64.0,97.0,Flop,True,False,False,False,False
1988,63493000.0,75.0,80.0,108.0,Capolavoro Universale,True,False,False,False,False
2004,89476265.0,71.0,63.0,94.0,Flop,True,False,False,False,False
1984,295596327.0,78.0,71.0,105.0,Capolavoro Universale,True,False,False,False,False
1997,69679794.5,70.0,51.0,89.0,Flop,True,False,False,False,False
1968,44527234.0,79.0,70.0,30.0,Capolavoro Universale,True,False,False,False,False
1968,160755.0,75.0,96.0,88.0,Capolavoro Universale,True,False,False,False,False
1994,3894240.0,77.0,70.0,92.0,Capolavoro Universale,True,False,False,False,False
2014,8257983.0,86.0,70.0,30.0,Capolavoro Universale,True,False,False,False,False
1972,57142740.0,76.0,70.0,94.0,Capolavoro Universale,True,False,False,False,False
1941,69679794.5,79.0,70.0,90.0,Capolavoro Universale,False,False,False,False,False
1980,39849764.0,72.0,48.0,98.0,Crowd Pleaser,True,False,False,False,False
1940,48835.0,84.0,70.0,125.0,Capolavoro Universale,True,False,False,False,False
1987,22847660.0,73.0,69.0,94.0,Capolavoro Universale,True,False,False,False,False
1995,57956568.0,69.0,68.0,97.0,Flop,True,False,False,False,False
1977,38251425.0,80.0,92.0,93.0,Capolavoro Universale,True,False,False,False,False
1940,69679794.5,78.0,70.0,92.0,Capolavoro Universale,True,False,False,False,False
1983,90400000.0,75.0,69.0,116.0,Capolavoro Universale,True,False,False,False,False
2011,289632023.0,68.0,75.0,125.0,Gemma della Critica,True,False,False,False,False
1974,86300489.0,80.0,80.0,106.0,Capolavoro Universale,True,False,False,False,False
2004,29832586.0,79.0,76.0,99.0,Capolavoro Universale,True,False,False,False,False
1980,57245093.0,79.0,60.0,133.0,Crowd Pleaser,True,False,False,False,False
1988,288800000.0,71.0,47.0,117.0,Flop,True,False,False,False,False
1979,20522496.0,80.0,77.0,94.0,Capolavoro Universale,True,False,False,False,False
1979,73691419.0,71.0,61.0,94.0,Flop,True,False,False,False,False
1926,1263082.0,82.0,70.0,67.0,Capolavoro Universale,True,False,False,False,False
1934,69679794.5,79.0,86.0,91.0,Capolavoro Universale,True,False,False,False,False
1984,69679794.5,79.0,92.0,82.0,Capolavoro Universale,True,False,False,False,False
1978,141600000.0,74.0,79.0,109.0,Capolavoro Universale,True,False,False,False,False
1974,119500000.0,77.0,73.0,93.0,Capolavoro Universale,True,False,False,False,False
1938,69679794.5,78.0,91.0,102.0,Capolavoro Universale,True,False,False,False,False
1936,227291.0,85.0,96.0,87.0,Capolavoro Universale,True,False,False,False,False
1960,24600000.0,83.0,94.0,125.0,Capolavoro Universale,True,False,False,False,False
1993,71112677.0,81.0,72.0,101.0,Capolavoro Universale,True,False,False,False,False
1987,31046322.0,80.0,77.0,98.0,Capolavoro Universale,False,False,False,False,False
1998,46189568.0,81.0,71.0,117.0,Crowd Pleaser,True,False,False,False,False
1934,2500000.0,81.0,87.0,105.0,Capolavoro Universale,True,False,False,False,False
1959,95697808.0,82.0,98.0,121.0,Capolavoro Universale,True,False,False,False,False
1975,5028948.0,82.0,91.0,91.0,Capolavoro Universale,True,False,False,False,False
1980,83453539.0,77.0,78.0,88.0,Capolavoro Universale,True,False,False,False,False
1931,60758.0,85.0,99.0,87.0,Capolavoro Universale,True,False,False,False,False
1921,139877913.0,63.0,43.0,105.0,Gemma della Critica,True,False,False,False,False
1933,550517357.0,72.0,81.0,187.0,Capolavoro Universale,False,True,False,False,False
1938,69679794.5,79.0,97.0,102.0,Capolavoro Universale,False,False,False,False,False
1939,34949482.0,81.0,92.0,102.0,Capolavoro Universale,False,False,False,False,False
1939,69679794.5,72.0,70.0,117.0,Capolavoro Universale,False,False,False,False,False
1948,69679794.5,82.0,98.0,126.0,Capolavoro Universale,False,True,False,False,False
1951,10751747.0,77.0,91.0,105.0,Capolavoro Universale,False,False,False,False,False
1954,28200000.0,72.0,83.0,127.0,Capolavoro Universale,False,True,False,False,False
1956,10412401.0,73.0,70.0,116.0,Crowd Pleaser,False,True,False,False,False
1958,69679794.5,81.0,89.0,126.0,Capolavoro Universale,False,False,False,False,False
1959,243180937.0,58.0,57.0,93.0,Flop,False,False,False,True,False
1962,69995047.0,83.0,100.0,218.0,Capolavoro Universale,False,True,False,False,False
1963,11972798.0,82.0,86.0,172.0,Capolavoro Universale,False,True,False,False,False
1975,69679794.5,78.0,91.0,129.0,Capolavoro Universale,False,False,False,False,False
1984,333080271.0,75.0,57.0,118.0,Crowd Pleaser,False,False,False,False,False
1984,115078260.0,69.0,63.0,106.0,Flop,True,False,False,False,False
1985,64140041.0,77.0,62.0,114.0,Crowd Pleaser,True,False,False,False,False
1985,10618813.0,67.0,42.0,113.0,Flop,False,False,True,False,False
1986,18564613.0,69.0,64.0,90.0,Flop,True,False,False,False,False
1986,13047837.0,73.0,50.0,101.0,Crowd Pleaser,False,False,False,False,False
1989,474171806.0,82.0,65.0,127.0,Capolavoro Universale,False,False,False,False,False
1989,222700000.0,64.0,63.0,93.0,Flop,False,False,False,True,False
1991,300854823.0,68.0,52.0,142.0,Flop,True,False,False,False,False
1991,34729091.0,67.0,62.0,107.0,Flop,False,False,False,False,False
1991,390500000.0,69.0,51.0,143.0,Flop,False,True,False,False,False
1992,75505856.0,77.0,76.0,112.0,Capolavoro Universale,False,True,False,False,False
1995,262758310.0,70.0,39.0,104.0,Flop,True,False,False,False,False
1998,233700000.0,68.0,63.0,136.0,Flop,True,False,False,False,False
1999,416385488.0,54.0,34.0,110.0,Flop,False,False,True,False,False
2001,69679794.5,88.0,92.0,178.0,Capolavoro Universale,False,True,False,False,False
2001,273330185.0,57.0,33.0,100.0,Flop,False,False,False,False,True
2002,75389090.0,77.0,61.0,131.0,Crowd Pleaser,False,True,False,False,False
2003,69679794.5,80.0,63.0,143.0,Crowd Pleaser,False,False,False,False,False
2003,69679794.5,74.0,81.0,138.0,Crowd Pleaser,False,True,False,False,False
2003,123954323.0,80.0,58.0,125.0,Crowd Pleaser,False,True,False,False,False
2004,331323410.0,69.0,39.0,131.0,Flop,False,False,False,False,True
2007,137022245.0,76.0,66.0,127.0,Crowd Pleaser,False,False,False,False,False
2008,101857425.0,60.0,55.0,96.0,Flop,True,False,False,False,False
2008,17831558.0,64.0,58.0,90.0,Flop,False,False,False,False,False
2010,1025491110.0,74.0,68.0,75.0,Crowd Pleaser,True,False,False,False,False
2012,619310368.0,79.0,79.0,127.0,Capolavoro Universale,False,True,False,False,False
2016,953554418.0,76.0,65.0,78.0,Capolavoro Universale,True,False,False,False,False
2017,561072059.0,66.0,62.0,118.0,Flop,False,False,False,True,False
2017,961613199.0,69.0,58.0,119.0,Flop,False,False,False,False,False
2016,17121823.0,66.0,78.0,141.0,Gemma della Critica,False,True,False,False,False
2018,133214549.0,42.0,53.0,109.0,Flop,False,False,False,True,False
2019,120597108.0,61.0,63.0,102.0,Flop,True,False,False,False,False
2019,28296983.0,61.0,66.0,120.0,Gemma della Critica,False,False,False,False,False
2000,69679794.5,61.0,52.0,98.0,Flop,True,False,False,False,False
2008,274392880.0,48.0,57.0,112.0,Flop,True,False,False,False,False
2001,69679794.5,61.0,53.0,95.0,Flop,False,False,False,False,True
1999,60413950.0,73.0,70.0,97.0,Crowd Pleaser,True,False,False,False,False
2007,43632609.0,76.0,64.0,123.0,Crowd Pleaser,False,True,False,False,False
2015,43528634.0,64.0,56.0,101.0,Flop,True,False,False,False,False
2003,10051516.0,71.0,70.0,81.0,Flop,False,True,False,False,False
1986,40476156.0,67.0,56.0,97.0,Flop,True,False,False,False,False
1978,387472317.0,72.0,70.0,110.0,Crowd Pleaser,True,False,False,False,False
1987,18553948.0,70.0,55.0,95.0,Flop,False,True,False,False,False
1999,10619770.0,72.0,76.0,97.0,Crowd Pleaser,False,True,False,False,False
1996,173046663.0,64.0,60.0,114.0,Flop,False,False,True,False,False
2005,4243996.0,72.0,72.0,110.0,Crowd Pleaser,False,True,False,False,False
1979,69679794.5,66.0,70.0,93.0,Flop,True,False,False,False,False
2015,9266180.0,77.0,74.0,105.0,Crowd Pleaser,True,False,False,False,False
2004,61950770.0,87.0,70.0,44.0,Crowd Pleaser,False,True,False,False,False
2000,27709625.0,72.0,70.0,124.0,Capolavoro Universale,False,True,False,False,False
1980,80227619.0,50.0,39.0,107.0,Flop,True,False,False,False,False
1980,22482952.0,71.0,67.0,102.0,Flop,True,False,False,False,False
1984,23686027.0,70.0,61.0,93.0,Flop,True,False,False,False,False
1989,239500000.0,81.0,79.0,128.0,Crowd Pleaser,True,False,False,False,False
2011,3483795.0,57.0,70.0,83.0,Flop,True,False,False,False,False
2010,76200721.0,70.0,72.0,92.0,Flop,True,False,False,False,False
2012,123681790.0,70.0,69.0,84.0,Flop,False,True,False,False,False
2012,33069303.0,80.0,67.0,103.0,Crowd Pleaser,False,True,False,False,False
1986,41382841.0,64.0,75.0,103.0,Gemma della Critica,True,False,False,False,False
2001,7510877.0,80.0,88.0,113.0,Capolavoro Universale,False,True,False,False,False
1987,4600000.0,69.0,73.0,99.0,Gemma della Critica,False,True,False,False,False
2015,18190831.0,72.0,72.0,103.0,Capolavoro Universale,True,False,False,False,False
1985,45905191.0,78.0,66.0,97.0,Capolavoro Universale,True,False,False,False,False
1998,19080435.0,76.0,86.0,93.0,Capolavoro Universale,True,False,False,False,False
2007,202822861.0,67.0,81.0,117.0,Gemma della Critica,True,False,False,False,False
2013,6916951.0,71.0,82.0,95.0,Gemma della Critica,True,False,False,False,False
1999,17202854.0,73.0,83.0,103.0,Capolavoro Universale,True,False,False,False,False
1983,63541777.0,68.0,75.0,99.0,Gemma della Critica,True,False,False,False,False
1955,69679794.5,77.0,89.0,111.0,Capolavoro Universale,False,True,False,False,False
2017,878346440.0,74.0,73.0,133.0,Capolavoro Universale,False,False,False,True,False
1976,82409520.0,58.0,53.0,100.0,Gemma della Critica,False,True,False,False,False
2001,8761608.0,73.0,88.0,111.0,Capolavoro Universale,True,False,False,False,False
2007,231450102.0,75.0,81.0,96.0,Capolavoro Universale,True,False,False,False,False
2016,19096003.0,73.0,77.0,104.0,Capolavoro Universale,True,False,False,False,False
1973,140000000.0,74.0,97.0,110.0,Capolavoro Universale,True,False,False,False,False
1985,385510205.0,85.0,87.0,116.0,Capolavoro Universale,True,False,False,False,False
2017,78944998.0,74.0,93.0,94.0,Capolavoro Universale,True,False,False,False,False
1971,20506260.0,80.0,93.0,118.0,Capolavoro Universale,False,True,False,False,False
2015,1548909.0,70.0,70.0,99.0,Flop,False,False,True,False,False
1998,69679794.5,44.0,19.0,93.0,Flop,False,False,True,False,False
2020,18976477.0,47.0,29.0,86.0,Flop,False,False,True,False,False
2006,18828036.0,50.0,17.0,84.0,Flop,False,False,True,False,False
2008,47782426.0,52.0,37.0,85.0,Flop,False,False,True,False,False
2007,9459740.0,46.0,24.0,96.0,Flop,False,False,True,False,False
2000,38574362.0,43.0,16.0,97.0,Flop,False,False,True,False,False
2006,67215435.0,50.0,27.0,87.0,Flop,False,False,True,False,False
2003,47289758.0,49.0,23.0,86.0,Flop,False,False,True,False,False
1989,69679794.5,45.0,14.0,100.0,Flop,False,False,True,False,False
2003,11559747.0,67.0,70.0,60.0,Flop,False,True,False,False,False
2018,51945949.0,32.0,30.0,93.0,Flop,False,False,True,False,False
2000,31320293.0,48.0,16.0,97.0,Flop,False,False,True,False,False
2017,82917283.0,45.0,25.0,102.0,Flop,False,True,False,False,False
2007,62226214.0,56.0,36.0,99.0,Flop,False,False,True,False,False
2007,84146832.0,59.0,29.0,96.0,Flop,False,True,False,False,False
1997,26570463.0,51.0,31.0,98.0,Flop,True,False,False,False,False
2001,6755271.0,52.0,35.0,90.0,Flop,False,False,True,False,False
1998,40020622.0,47.0,21.0,100.0,Flop,False,False,True,False,False
2008,57193655.0,53.0,45.0,92.0,Flop,False,False,True,False,False
2011,41642166.0,60.0,35.0,92.0,Flop,False,True,False,False,False
2014,103300632.0,45.0,38.0,89.0,Flop,False,False,False,False,True
2012,101759490.0,42.0,18.0,83.0,Flop,False,False,True,False,False
1992,69679794.5,29.0,70.0,95.0,Flop,True,False,False,False,False
2019,69679794.5,74.0,62.0,113.0,Crowd Pleaser,False,True,False,False,False
2011,69679794.5,45.0,22.0,96.0,Flop,False,False,True,False,False
2019,943159.0,44.0,31.0,84.0,Flop,False,False,True,False,False
2010,708753.0,60.0,28.0,112.0,Flop,False,False,True,False,False
2001,4288246.0,38.0,20.0,84.0,Flop,False,False,True,False,False
2002,34409206.0,54.0,15.0,88.0,Flop,False,False,True,False,False
2005,37048526.0,68.0,55.0,89.0,Flop,False,False,True,False,False
2017,61308153.0,52.0,27.0,109.0,Flop,False,True,False,False,False
2004,16873925.0,48.0,24.0,102.0,Flop,False,False,True,False,False
2016,10904495.0,44.0,27.0,92.0,Flop,False,False,True,False,False
2003,13860078.0,21.0,15.0,90.0,Flop,False,False,True,False,False
2012,10637281.0,41.0,18.0,82.0,Flop,False,False,True,False,False
2000,40435694.0,50.0,17.0,107.0,Flop,False,False,True,False,False
2008,15318257.0,39.0,28.0,85.0,Flop,False,False,True,False,False
2005,10588079.0,24.0,9.0,96.0,Flop,False,False,True,False,False
2009,69679794.5,74.0,70.0,30.0,Crowd Pleaser,False,True,False,False,False
2016,3503761.0,39.0,31.0,91.0,Flop,False,False,True,False,False
2016,30351664.0,56.0,56.0,93.0,Flop,False,False,True,False,False
2008,44513466.0,40.0,24.0,87.0,Flop,False,False,True,False,False
1986,38500726.0,65.0,49.0,107.0,Flop,True,False,False,False,False
2002,5345869.0,74.0,33.0,107.0,Crowd Pleaser,False,True,False,False,False
2002,69671205.0,79.0,85.0,120.0,Capolavoro Universale,False,True,False,False,False
1989,30050028.0,66.0,36.0,114.0,Flop,False,False,False,False,True
2010,165720921.0,68.0,69.0,98.0,Gemma della Critica,False,False,False,False,True
1971,107190108.0,64.0,40.0,111.0,Gemma della Critica,True,False,False,False,False
2017,69679794.5,66.0,64.0,124.0,Flop,False,False,False,False,True
1986,12900000.0,72.0,70.0,60.0,Crowd Pleaser,False,False,False,True,False
1990,239813888.0,71.0,67.0,124.0,Flop,False,False,False,False,True
2005,829239.0,65.0,70.0,40.0,Flop,False,False,False,True,False
2017,15535771.0,79.0,70.0,44.0,Capolavoro Universale,False,True,False,False,False
1992,2041928.0,68.0,73.0,81.0,Gemma della Critica,False,False,False,False,True
1971,69679794.5,75.0,70.0,200.0,Capolavoro Universale,False,False,False,False,True
1986,357469522.0,69.0,50.0,110.0,Flop,False,True,False,False,False
1997,224117573.0,69.0,52.0,115.0,Flop,False,False,False,False,True
2012,311979256.0,66.0,51.0,103.0,Flop,False,False,False,False,True
2005,69679794.5,65.0,55.0,120.0,Flop,True,False,False,False,False
1998,245300000.0,70.0,60.0,98.0,Flop,True,False,False,False,False
2014,192903624.0,50.0,70.0,43.0,Flop,False,True,False,False,False
2016,1151918521.0,78.0,75.0,147.0,Capolavoro Universale,False,False,False,True,False
1997,315268353.0,65.0,61.0,124.0,Flop,False,True,False,False,False
1988,11806119.0,68.0,29.0,92.0,Flop,False,True,False,False,False
1998,131237688.0,71.0,47.0,120.0,Flop,False,False,True,False,False
1995,141247413.0,68.0,41.0,119.0,Flop,True,False,False,False,False
1987,38122000.0,66.0,45.0,101.0,Flop,False,False,False,True,False
1985,20345361.0,60.0,64.0,101.0,Flop,False,False,False,False,True
2007,26796824.0,66.0,49.0,86.0,Flop,True,False,False,False,False
2006,43924923.0,69.0,57.0,88.0,Flop,False,False,False,False,True
2010,46370970.0,66.0,60.0,105.0,Flop,False,False,False,False,True
2011,81357930.0,78.0,78.0,100.0,Capolavoro Universale,False,True,False,False,False
1989,411348924.0,75.0,70.0,25.0,Crowd Pleaser,True,False,False,False,False
1992,156563139.0,65.0,58.0,103.0,Flop,False,False,False,False,True
1996,817400878.0,70.0,59.0,145.0,Flop,False,False,False,False,False
1968,42300945.0,74.0,81.0,114.0,Capolavoro Universale,False,False,False,False,True
2008,342416460.0,76.0,70.0,60.0,Crowd Pleaser,False,True,False,False,False
1998,70692101.0,72.0,67.0,122.0,Crowd Pleaser,False,False,False,False,True
1988,13000774.0,72.0,55.0,94.0,Crowd Pleaser,False,False,True,False,False
1993,255000000.0,65.0,60.0,113.0,Flop,False,False,False,False,False
1979,22490943.0,76.0,65.0,93.0,Capolavoro Universale,False,False,False,False,True
1997,121100000.0,73.0,51.0,129.0,Crowd Pleaser,False,False,False,True,False
1991,126704591.0,72.0,58.0,122.0,Crowd Pleaser,False,False,False,False,True
1996,33447612.0,68.0,44.0,121.0,Flop,False,True,False,False,False
2014,2107051.0,67.0,76.0,100.0,Gemma della Critica,False,False,False,False,True
2008,226941585.0,65.0,70.0,41.0,Flop,False,True,False,False,False
2006,454161935.0,76.0,52.0,117.0,Crowd Pleaser,False,True,False,False,False
1994,365300000.0,73.0,63.0,141.0,Crowd Pleaser,True,False,False,False,False
1993,159055768.0,67.0,34.0,115.0,Flop,False,False,False,True,False
2015,17187434.0,67.0,51.0,96.0,Flop,False,False,False,True,False
1985,69679794.5,75.0,78.0,100.0,Capolavoro Universale,True,False,False,False,False
2001,69679794.5,70.0,57.0,142.0,Flop,False,True,False,False,False
2014,404561724.0,77.0,60.0,129.0,Crowd Pleaser,True,False,False,False,False
1997,263893838.0,76.0,52.0,126.0,Crowd Pleaser,False,False,False,True,False
2017,98345423.0,67.0,63.0,115.0,Flop,False,False,False,False,True
1995,36238752.0,67.0,61.0,87.0,Flop,True,False,False,False,False
2004,69679794.5,71.0,70.0,84.0,Flop,False,False,False,True,False
2003,69679794.5,71.0,69.0,105.0,Flop,False,False,False,False,True
2004,217602967.0,75.0,71.0,120.0,Capolavoro Universale,False,True,False,False,False
2000,69679794.5,76.0,81.0,114.0,Capolavoro Universale,False,True,False,False,False
2010,69679794.5,75.0,84.0,141.0,Capolavoro Universale,False,False,False,False,False
1986,69679794.5,74.0,78.0,95.0,Capolavoro Universale,False,False,False,False,True
2008,585171547.0,79.0,79.0,126.0,Capolavoro Universale,False,False,False,True,False
2018,69679794.5,69.0,69.0,121.0,Gemma della Critica,False,False,False,False,True
2017,614202315.0,81.0,77.0,137.0,Capolavoro Universale,False,True,False,False,False
1964,124900000.0,77.0,87.0,110.0,Capolavoro Universale,False,False,False,False,True
1976,69679794.5,73.0,89.0,91.0,Capolavoro Universale,False,False,True,False,False
2017,818058221.0,74.0,76.0,141.0,Capolavoro Universale,False,False,False,True,False
2014,714401889.0,78.0,70.0,136.0,Capolavoro Universale,False,False,False,True,False
2003,6226386.0,84.0,77.0,101.0,Crowd Pleaser,False,True,False,False,False
1971,41159423.0,77.0,94.0,104.0,Capolavoro Universale,False,True,False,False,False
2015,1516881526.0,71.0,67.0,137.0,Flop,False,False,False,False,True
1990,69679794.5,74.0,70.0,60.0,Capolavoro Universale,False,True,False,False,False
1992,16270600.0,69.0,70.0,91.0,Gemma della Critica,True,False,False,False,False
1971,28153434.0,77.0,87.0,102.0,Capolavoro Universale,False,False,False,False,True
2014,367028980.0,79.0,71.0,113.0,Capolavoro Universale,False,False,False,True,False
1993,353715317.0,78.0,87.0,130.0,Capolavoro Universale,False,True,False,False,False
2018,1336494321.0,73.0,88.0,134.0,Capolavoro Universale,False,False,False,True,False
2010,728582465.0,88.0,74.0,148.0,Capolavoro Universale,False,False,False,True,False
1995,209045244.0,84.0,68.0,178.0,Crowd Pleaser,False,True,False,False,False
2002,358824714.0,77.0,80.0,145.0,Capolavoro Universale,False,False,False,True,False
2019,2797800564.0,84.0,78.0,181.0,Capolavoro Universale,False,True,False,False,False
2012,41467606.0,71.0,60.0,95.0,Flop,False,False,False,True,False
2002,214357371.0,79.0,68.0,119.0,Crowd Pleaser,False,False,False,False,True
2008,22114423.0,80.0,59.0,106.0,Capolavoro Universale,False,True,False,False,False
1997,241200000.0,73.0,82.0,138.0,Capolavoro Universale,False,False,False,True,False
1985,17307019.0,73.0,81.0,116.0,Crowd Pleaser,False,True,False,False,False
2008,998615789.0,90.0,84.0,152.0,Capolavoro Universale,False,True,False,False,False
2011,630163454.0,73.0,66.0,130.0,Crowd Pleaser,False,False,False,False,True
1987,120192350.0,78.0,70.0,44.0,Crowd Pleaser,True,False,False,False,False
1996,336069511.0,74.0,58.0,136.0,Crowd Pleaser,False,False,False,False,True
1987,242981799.0,76.0,67.0,102.0,Capolavoro Universale,False,False,False,True,False
2017,69679794.5,74.0,75.0,122.0,Capolavoro Universale,False,False,False,False,True
2006,594420283.0,50.0,48.0,131.0,Gemma della Critica,True,False,False,False,False
2017,227250102.0,76.0,86.0,113.0,Capolavoro Universale,False,True,False,False,False
2014,69679794.5,79.0,71.0,150.0,Crowd Pleaser,False,False,False,False,True
1973,21485066.0,76.0,83.0,102.0,Capolavoro Universale,False,True,False,False,False
1985,35078864.0,67.0,51.0,90.0,Flop,False,False,False,False,True
1982,125212904.0,77.0,61.0,93.0,Capolavoro Universale,False,False,False,False,True
1984,78019031.0,81.0,84.0,107.0,Capolavoro Universale,False,False,False,True,False
2000,456435588.0,85.0,67.0,155.0,Crowd Pleaser,False,True,False,False,False
2003,69679794.5,82.0,69.0,111.0,Crowd Pleaser,False,True,False,False,False
1994,69679794.5,74.0,70.0,108.0,Crowd Pleaser,False,False,False,False,True
1994,283200000.0,73.0,78.0,116.0,Capolavoro Universale,False,False,False,False,True
2014,76010510.0,74.0,68.0,101.0,Capolavoro Universale,False,False,False,False,True
2000,213514672.0,79.0,94.0,120.0,Capolavoro Universale,False,False,False,False,False
1987,98267558.0,78.0,45.0,107.0,Crowd Pleaser,False,False,False,True,False
2007,444043396.0,80.0,85.0,115.0,Capolavoro Universale,False,False,False,False,True
1990,261399830.0,75.0,57.0,113.0,Crowd Pleaser,False,False,False,True,False
1995,187433328.0,83.0,76.0,170.0,Capolavoro Universale,False,True,False,False,False
2011,69679794.5,76.0,73.0,101.0,Capolavoro Universale,False,False,False,False,True
1986,183300764.0,84.0,84.0,137.0,Capolavoro Universale,False,False,False,True,False
1999,465974198.0,87.0,73.0,136.0,Capolavoro Universale,False,False,False,True,False
1991,515390883.0,86.0,75.0,137.0,Capolavoro Universale,False,False,False,True,False
1988,139434346.0,82.0,72.0,132.0,Capolavoro Universale,False,False,False,False,True
2015,367457874.0,81.0,90.0,120.0,Capolavoro Universale,False,False,False,True,False
1987,69679794.5,66.0,49.0,96.0,Flop,False,False,True,False,False
1985,69679794.5,67.0,57.0,116.0,Flop,False,False,True,False,False
1992,215862692.0,74.0,57.0,128.0,Crowd Pleaser,False,True,False,False,False
1987,14575148.0,69.0,57.0,94.0,Flop,False,False,True,False,False
2003,55518641.0,58.0,63.0,79.0,Flop,False,False,True,False,False
2007,57189408.0,54.0,70.0,42.0,Flop,False,True,False,False,False
2002,248218486.0,71.0,57.0,115.0,Flop,False,False,True,False,False
1979,69679794.5,66.0,72.0,89.0,Flop,False,False,True,False,False
2002,19947280.0,72.0,64.0,100.0,Crowd Pleaser,False,True,False,False,False
2002,58104.0,68.0,70.0,105.0,Flop,False,False,True,False,False
1982,69679794.5,61.0,77.0,91.0,Flop,True,False,False,False,False
2008,4294373.0,67.0,65.0,91.0,Flop,False,False,True,False,False
1992,77395789.0,59.0,72.0,91.0,Flop,False,False,True,False,False
2013,44115496.0,65.0,61.0,104.0,Flop,False,False,True,False,False
2005,69679794.5,62.0,71.0,93.0,Flop,False,False,False,True,False
1984,14600000.0,63.0,59.0,95.0,Flop,True,False,False,False,False
2007,69679794.5,67.0,70.0,82.0,Flop,True,False,False,False,False
1987,32396366.0,72.0,63.0,97.0,Crowd Pleaser,True,False,False,False,False
2019,3090713.0,60.0,64.0,108.0,Flop,False,True,False,False,False
2015,224743.0,59.0,58.0,89.0,Flop,False,False,True,False,False
2016,148806510.0,63.0,58.0,81.0,Flop,False,False,True,False,False
2019,69679794.5,70.0,73.0,94.0,Flop,False,False,True,False,False
1979,69679794.5,68.0,63.0,92.0,Flop,False,False,True,False,False
1971,69679794.5,66.0,63.0,112.0,Flop,False,False,True,False,False
1995,1125910.0,67.0,70.0,95.0,Flop,False,False,True,False,False
2011,26887177.0,65.0,66.0,95.0,Flop,False,False,True,False,False
1983,2120439.0,72.0,60.0,87.0,Crowd Pleaser,False,False,True,False,False
2009,13468951.0,71.0,73.0,134.0,Flop,False,True,False,False,False
1999,69679794.5,71.0,69.0,115.0,Flop,False,True,False,False,False
1988,9134733.0,72.0,86.0,116.0,Crowd Pleaser,False,True,False,False,False
1997,172363301.0,63.0,63.0,120.0,Flop,False,False,True,False,False
2007,131263370.0,68.0,64.0,104.0,Flop,False,False,True,False,False
2003,91055.0,71.0,65.0,114.0,Flop,False,True,False,False,False
2016,81831866.0,62.0,65.0,99.0,Flop,False,True,False,False,False
2008,69679794.5,65.0,54.0,93.0,Flop,False,False,True,False,False
2016,118763442.0,63.0,59.0,86.0,Flop,False,True,False,False,False
2000,8279017.0,69.0,71.0,92.0,Flop,False,False,True,False,False
2009,102812.0,63.0,73.0,95.0,Flop,False,False,True,False,False
2001,207765056.0,76.0,74.0,104.0,Crowd Pleaser,False,False,True,False,False
1990,16667084.0,71.0,65.0,96.0,Gemma della Critica,True,False,False,False,False
2014,69679794.5,63.0,74.0,77.0,Gemma della Critica,False,False,True,False,False
1962,69679794.5,71.0,70.0,78.0,Gemma della Critica,False,False,True,False,False
2007,194183034.0,63.0,68.0,86.0,Flop,False,False,True,False,False
2016,69679794.5,73.0,65.0,134.0,Crowd Pleaser,False,False,True,False,False
2000,572781.0,68.0,70.0,108.0,Gemma della Critica,False,True,False,False,False
2014,69679794.5,67.0,81.0,99.0,Flop,False,False,True,False,False
1973,106030660.0,60.0,58.0,118.0,Gemma della Critica,True,False,False,False,False
2017,313230.0,63.0,65.0,105.0,Gemma della Critica,False,True,False,False,False
2006,12930343.0,65.0,69.0,95.0,Gemma della Critica,True,False,False,False,False
1959,65090541.0,56.0,28.0,93.0,Gemma della Critica,False,False,True,False,False
1982,121706019.0,73.0,79.0,114.0,Capolavoro Universale,False,False,True,False,False
1982,27573078.0,82.0,57.0,109.0,Crowd Pleaser,False,False,True,False,False
1992,242623.0,75.0,54.0,104.0,Capolavoro Universale,True,False,False,False,False
2018,350122.0,67.0,63.0,105.0,Gemma della Critica,False,True,False,False,False
1976,69679794.5,76.0,71.0,126.0,Capolavoro Universale,False,False,False,False,True
2005,57051053.0,72.0,71.0,99.0,Capolavoro Universale,False,False,True,False,False
2016,188756.0,65.0,67.0,89.0,Gemma della Critica,True,False,False,False,False
1981,61968388.0,75.0,55.0,97.0,Capolavoro Universale,True,False,False,False,False
2019,71856239.0,73.0,59.0,152.0,Crowd Pleaser,False,True,False,False,False
1976,119295584.0,55.0,43.0,110.0,Gemma della Critica,False,True,False,False,False
2016,69679794.5,64.0,76.0,130.0,Gemma della Critica,False,False,True,False,False
2019,120405.0,60.0,64.0,96.0,Gemma della Critica,True,False,False,False,False
2019,91799500.0,61.0,60.0,87.0,Flop,False,False,True,False,False
1973,428214478.0,79.0,70.0,45.0,Crowd Pleaser,False,True,False,False,False
2015,354836.0,66.0,74.0,100.0,Gemma della Critica,False,True,False,False,False
2016,245909.0,65.0,73.0,108.0,Gemma della Critica,False,False,True,False,False
2017,69679794.5,62.0,70.0,102.0,Gemma della Critica,False,True,False,False,False
1971,69679794.5,71.0,70.0,94.0,Gemma della Critica,True,False,False,False,False
1978,69679794.5,74.0,70.0,30.0,Capolavoro Universale,True,False,False,False,False
1977,22144631.0,73.0,70.0,88.0,Capolavoro Universale,True,False,False,False,False
1986,69679794.5,70.0,80.0,83.0,Gemma della Critica,False,True,False,False,False
2007,69679794.5,74.0,74.0,105.0,Capolavoro Universale,False,True,False,False,False
1983,20766000.0,72.0,69.0,103.0,Capolavoro Universale,False,True,False,False,False
2015,475846.0,71.0,72.0,132.0,Gemma della Critica,False,True,False,False,False
1960,69679794.5,69.0,75.0,79.0,Gemma della Critica,False,False,True,False,False
1999,248300000.0,65.0,81.0,81.0,Gemma della Critica,False,False,True,False,False
2015,69679794.5,64.0,72.0,79.0,Gemma della Critica,False,False,True,False,False
2017,69679794.5,65.0,77.0,103.0,Gemma della Critica,False,True,False,False,False
2016,94100.0,59.0,71.0,88.0,Gemma della Critica,False,False,True,False,False
2015,104039.0,61.0,80.0,94.0,Gemma della Critica,False,False,True,False,False
1958,69679794.5,73.0,67.0,82.0,Capolavoro Universale,False,False,True,False,False
1985,40520649.0,64.0,64.0,106.0,Gemma della Critica,True,False,False,False,False
1973,37721827.0,75.0,87.0,88.0,Capolavoro Universale,False,False,True,False,False
2015,69679794.5,56.0,75.0,98.0,Gemma della Critica,False,False,True,False,False
1974,69679794.5,74.0,78.0,83.0,Capolavoro Universale,False,False,True,False,False
2013,317744402.0,75.0,68.0,112.0,Capolavoro Universale,False,False,True,False,False
1990,61166004.0,78.0,75.0,107.0,Capolavoro Universale,False,True,False,False,False
1960,8729915.0,73.0,77.0,77.0,Capolavoro Universale,False,False,True,False,False
2019,1067647.0,61.0,70.0,111.0,Gemma della Critica,False,False,True,False,False
2010,28270399.0,71.0,79.0,116.0,Gemma della Critica,False,True,False,False,False
2018,255416089.0,77.0,87.0,91.0,Crowd Pleaser,False,False,True,False,False
2011,6459183.0,66.0,75.0,88.0,Gemma della Critica,True,False,False,False,False
1977,7097971.0,73.0,87.0,89.0,Capolavoro Universale,False,False,True,False,False
2001,755249.0,74.0,78.0,106.0,Capolavoro Universale,False,True,False,False,False
2014,236863.0,67.0,76.0,107.0,Gemma della Critica,False,False,True,False,False
2015,69679794.5,57.0,65.0,84.0,Gemma della Critica,False,False,True,False,False
1925,153770052.0,72.0,40.0,143.0,Capolavoro Universale,False,True,False,False,False
1941,69679794.5,72.0,72.0,70.0,Capolavoro Universale,False,False,True,False,False
1978,103452875.0,73.0,59.0,101.0,Capolavoro Universale,False,False,True,False,False
1931,69679794.5,76.0,70.0,98.0,Capolavoro Universale,False,False,True,False,False
2017,957694.0,65.0,80.0,111.0,Gemma della Critica,False,True,False,False,False
2016,69679794.5,71.0,71.0,88.0,Gemma della Critica,False,False,True,False,False
1985,2023000.0,72.0,73.0,84.0,Capolavoro Universale,True,False,False,False,False
2009,102236596.0,76.0,73.0,88.0,Capolavoro Universale,True,False,False,False,False
2017,19720203.0,62.0,78.0,91.0,Gemma della Critica,False,True,False,False,False
1980,45604239.0,84.0,66.0,146.0,Crowd Pleaser,False,True,False,False,False
1931,21000000.0,68.0,70.0,270.0,Gemma della Critica,False,True,False,False,False
1975,69679794.5,75.0,89.0,127.0,Capolavoro Universale,False,False,True,False,False
1986,37585259.0,76.0,79.0,96.0,Capolavoro Universale,False,True,False,False,False
1984,117729621.0,52.0,35.0,95.0,Gemma della Critica,False,True,False,False,False
2006,64477051.0,71.0,85.0,120.0,Gemma della Critica,False,True,False,False,False
2016,69679794.5,76.0,73.0,118.0,Capolavoro Universale,False,False,True,False,False
1933,69679794.5,74.0,70.0,70.0,Capolavoro Universale,False,False,True,False,False
1977,7023292.0,67.0,64.0,152.0,Gemma della Critica,False,True,False,False,False
2016,281063.0,62.0,82.0,120.0,Gemma della Critica,True,False,False,False,False
2019,69679794.5,60.0,65.0,83.0,Gemma della Critica,False,False,True,False,False
1978,24946533.0,74.0,75.0,115.0,Capolavoro Universale,False,False,True,False,False
1961,69679794.5,70.0,77.0,117.0,Gemma della Critica,False,True,False,False,False
2009,69679794.5,66.0,73.0,84.0,Gemma della Critica,False,False,True,False,False
2016,3151960.0,70.0,81.0,99.0,Gemma della Critica,False,True,False,False,False
1981,29400000.0,74.0,71.0,85.0,Capolavoro Universale,False,False,True,False,False
1979,69679794.5,79.0,70.0,94.0,Capolavoro Universale,False,False,True,False,False
2017,69679794.5,64.0,75.0,78.0,Gemma della Critica,False,True,False,False,False
2015,3807503.0,70.0,79.0,95.0,Gemma della Critica,False,True,False,False,False
2019,46830824.0,71.0,72.0,148.0,Flop,False,True,False,False,False
1953,70064800.0,54.0,41.0,113.0,Gemma della Critica,False,False,True,False,False
2009,69679794.5,66.0,83.0,99.0,Gemma della Critica,False,False,True,False,False
2014,628020.0,69.0,81.0,101.0,Gemma della Critica,False,False,True,False,False
2020,69679794.5,65.0,72.0,93.0,Gemma della Critica,False,True,False,False,False
2019,56797392.0,68.0,64.0,95.0,Gemma della Critica,True,False,False,False,False
2017,69679794.5,69.0,76.0,83.0,Gemma della Critica,False,False,True,False,False
2018,1488186.0,71.0,70.0,15.0,Gemma della Critica,True,False,False,False,False
2017,701083042.0,68.0,70.0,192.0,Gemma della Critica,False,True,False,False,False
1973,69679794.5,72.0,95.0,110.0,Capolavoro Universale,False,True,False,False,False
1942,21000000.0,62.0,61.0,118.0,Gemma della Critica,False,False,True,False,False
1963,11436618.0,77.0,90.0,119.0,Capolavoro Universale,False,True,False,False,False
2016,69679794.5,74.0,81.0,156.0,Capolavoro Universale,False,True,False,False,False
1945,69679794.5,76.0,70.0,77.0,Capolavoro Universale,False,False,True,False,False
2016,151923.0,68.0,83.0,84.0,Gemma della Critica,False,False,True,False,False
2020,436536.0,65.0,73.0,57.0,Gemma della Critica,False,False,True,False,False
2016,108286422.0,72.0,76.0,103.0,Capolavoro Universale,False,True,False,False,False
1960,83957.0,76.0,70.0,101.0,Capolavoro Universale,False,False,True,False,False
2015,40438974.0,69.0,83.0,92.0,Gemma della Critica,False,True,False,False,False
2011,70683134.0,70.0,72.0,95.0,Gemma della Critica,False,False,True,False,False
1965,38090.0,76.0,91.0,105.0,Capolavoro Universale,False,False,True,False,False
1968,33396740.0,80.0,96.0,137.0,Capolavoro Universale,False,True,False,False,False
1991,275726716.0,86.0,85.0,118.0,Capolavoro Universale,False,True,False,False,False
1933,138996774.0,71.0,72.0,124.0,Gemma della Critica,False,True,False,False,False
1968,30087064.0,78.0,89.0,96.0,Capolavoro Universale,False,False,True,False,False
2014,23236296.0,68.0,83.0,100.0,Gemma della Critica,False,False,True,False,False
2008,69679794.5,79.0,82.0,114.0,Capolavoro Universale,False,True,False,False,False
2018,81263489.0,73.0,87.0,127.0,Capolavoro Universale,False,True,False,False,False
1932,69679794.5,74.0,70.0,75.0,Capolavoro Universale,False,False,True,False,False
2019,18317198.0,74.0,83.0,109.0,Capolavoro Universale,False,True,False,False,False
1931,112006296.0,78.0,91.0,70.0,Capolavoro Universale,False,True,False,False,False
2014,7482387.0,68.0,86.0,94.0,Gemma della Critica,False,False,True,False,False
1975,470700000.0,81.0,87.0,124.0,Capolavoro Universale,False,False,False,False,True
2018,334876670.0,75.0,82.0,90.0,Capolavoro Universale,False,True,False,False,False
1955,69679794.5,80.0,99.0,92.0,Capolavoro Universale,False,True,False,False,False
1979,184694992.0,85.0,89.0,117.0,Capolavoro Universale,False,False,True,False,False
2019,256091919.0,68.0,81.0,116.0,Gemma della Critica,False,False,True,False,False
1919,69679794.5,80.0,70.0,67.0,Capolavoro Universale,False,False,True,False,False
2017,252297405.0,77.0,85.0,104.0,Capolavoro Universale,False,False,True,False,False
1960,37226218.0,85.0,97.0,109.0,Capolavoro Universale,False,False,True,False,False
2013,12407491.0,56.0,66.0,90.0,Flop,False,True,False,False,False
2001,71523271.0,65.0,60.0,123.0,Flop,True,False,False,False,False
1968,69679794.5,65.0,70.0,105.0,Flop,True,False,False,False,False
2013,132493015.0,67.0,55.0,109.0,Flop,True,False,False,False,False
1996,457697994.0,79.0,70.0,50.0,Crowd Pleaser,False,True,False,False,False
2019,702376.0,61.0,57.0,99.0,Flop,False,False,False,False,True
2001,28906817.0,65.0,66.0,109.0,Flop,False,True,False,False,False
2021,103966489.0,71.0,57.0,119.0,Flop,False,False,False,False,True
2017,1236703796.0,66.0,56.0,136.0,Flop,False,False,False,False,True
2011,150422946.0,62.0,59.0,104.0,Flop,True,False,False,False,False
2009,212282709.0,70.0,70.0,140.0,Flop,False,True,False,False,False
2007,311744465.0,69.0,62.0,122.0,Flop,False,False,False,False,True
1996,36049108.0,68.0,70.0,123.0,Flop,False,False,False,False,True
1999,124304264.0,69.0,66.0,102.0,Flop,False,True,False,False,False
2019,69679794.5,64.0,61.0,125.0,Flop,False,False,False,False,True
2006,399387745.0,69.0,66.0,126.0,Flop,False,False,False,False,True
1978,69679794.5,36.0,70.0,97.0,Flop,False,False,False,True,False
2001,113542091.0,68.0,71.0,124.0,Flop,False,True,False,False,False
2003,176262839.0,72.0,70.0,99.0,Crowd Pleaser,True,False,False,False,False
1978,69679794.5,69.0,68.0,110.0,Flop,False,False,False,False,True
2000,83593107.0,83.0,55.0,102.0,Crowd Pleaser,True,False,False,False,False
1998,28356188.0,82.0,66.0,107.0,Crowd Pleaser,True,False,False,False,False
2018,830581.0,69.0,60.0,159.0,Flop,False,True,False,False,False
1970,5200000.0,76.0,50.0,144.0,Crowd Pleaser,True,False,False,False,False
1992,51433000.0,71.0,65.0,126.0,Flop,True,False,False,False,False
2008,66143005.0,72.0,69.0,111.0,Crowd Pleaser,False,True,False,False,False
2001,450728529.0,65.0,57.0,127.0,Flop,True,False,False,False,False
2015,518858449.0,73.0,64.0,117.0,Crowd Pleaser,False,False,False,True,False
2016,1055135598.0,78.0,65.0,133.0,Crowd Pleaser,False,False,False,True,False
1996,407488.0,69.0,66.0,91.0,Flop,True,False,False,False,False
1972,36734619.0,74.0,55.0,123.0,Capolavoro Universale,False,False,False,False,True
2006,185798265.0,76.0,76.0,129.0,Capolavoro Universale,False,True,False,False,False
1974,25000000.0,70.0,62.0,115.0,Gemma della Critica,True,False,False,False,False
1997,74727492.0,75.0,64.0,154.0,Capolavoro Universale,False,True,False,False,False
2000,10158355.0,73.0,79.0,89.0,Capolavoro Universale,False,True,False,False,False
2007,5555018.0,70.0,73.0,99.0,Gemma della Critica,False,True,False,False,False
1967,50700000.0,77.0,86.0,111.0,Capolavoro Universale,False,True,False,False,False
1995,34449356.0,85.0,77.0,106.0,Capolavoro Universale,False,True,False,False,False
2018,4535409.0,70.0,68.0,116.0,Gemma della Critica,False,True,False,False,False
1963,158926474.0,71.0,55.0,115.0,Gemma della Critica,True,False,False,False,False
1969,102310711.0,80.0,66.0,110.0,Capolavoro Universale,False,True,False,False,False
1964,7000000.0,70.0,70.0,120.0,Gemma della Critica,False,False,False,False,False
1969,509424.0,79.0,97.0,135.0,Capolavoro Universale,False,False,False,False,False
2020,1615171.0,64.0,78.0,104.0,Gemma della Critica,True,False,False,False,False
2018,75984700.0,69.0,84.0,129.0,Gemma della Critica,False,True,False,False,False
1955,69679794.5,81.0,97.0,118.0,Capolavoro Universale,False,False,False,False,True
1992,2990680.0,83.0,79.0,99.0,Capolavoro Universale,False,True,False,False,False
2001,69679794.5,79.0,80.0,114.0,Capolavoro Universale,False,False,False,False,True
2021,69679794.5,64.0,76.0,115.0,Gemma della Critica,False,True,False,False,False
2010,152566881.0,75.0,74.0,125.0,Capolavoro Universale,False,True,False,False,False
2017,49046121.0,70.0,78.0,118.0,Gemma della Critica,True,False,False,False,False
1998,77562568.0,70.0,85.0,123.0,Gemma della Critica,True,False,False,False,False
1981,4301338.0,74.0,78.0,123.0,Capolavoro Universale,False,True,False,False,False
1955,8752104.0,74.0,82.0,106.0,Capolavoro Universale,False,False,False,False,True
1973,159616327.0,83.0,83.0,129.0,Capolavoro Universale,True,False,False,False,False
1999,107752036.0,71.0,82.0,114.0,Gemma della Critica,True,False,False,False,False
1956,69679794.5,83.0,70.0,45.0,Capolavoro Universale,False,True,False,False,False
1975,46665856.0,80.0,86.0,125.0,Capolavoro Universale,False,True,False,False,False
2016,37566117.0,76.0,88.0,102.0,Capolavoro Universale,False,True,False,False,False
1950,69679794.5,78.0,85.0,112.0,Capolavoro Universale,False,True,False,False,False
1974,69679794.5,76.0,68.0,104.0,Capolavoro Universale,False,False,False,False,True
2002,51618420.0,57.0,61.0,104.0,Flop,False,True,False,False,False
1982,125053490.0,68.0,57.0,99.0,Flop,False,True,False,False,False
1993,32416586.0,78.0,55.0,101.0,Crowd Pleaser,False,True,False,False,False
2005,76665507.0,73.0,57.0,136.0,Crowd Pleaser,False,True,False,False,False
1975,30000000.0,31.0,14.0,98.0,Flop,False,False,False,True,False
2005,50071069.0,62.0,56.0,104.0,Flop,True,False,False,False,False
1979,69679794.5,73.0,61.0,119.0,Crowd Pleaser,False,True,False,False,False
2001,87683966.0,67.0,65.0,157.0,Flop,False,True,False,False,False
2009,305705794.0,76.0,53.0,129.0,Crowd Pleaser,False,True,False,False,False
2010,351774938.0,73.0,60.0,126.0,Crowd Pleaser,False,True,False,False,False
1996,75854588.0,64.0,60.0,135.0,Flop,True,False,False,False,False
2004,167791704.0,67.0,55.0,92.0,Flop,True,False,False,False,False
2019,69679794.5,62.0,53.0,90.0,Flop,False,True,False,False,False
2006,58501127.0,87.0,70.0,50.0,Crowd Pleaser,False,True,False,False,False
2007,145594548.0,63.0,64.0,93.0,Flop,True,False,False,False,False
2000,136771683.0,78.0,48.0,113.0,Crowd Pleaser,False,True,False,False,False
2006,69679794.5,66.0,66.0,108.0,Flop,True,False,False,False,False
1993,155008909.0,70.0,60.0,98.0,Flop,True,False,False,False,False
1992,90753806.0,68.0,65.0,115.0,Flop,True,False,False,False,False
2017,3243312.0,34.0,70.0,106.0,Flop,False,True,False,False,False
1993,22750363.0,75.0,71.0,114.0,Crowd Pleaser,False,True,False,False,False
1974,191558505.0,64.0,48.0,113.0,Flop,True,False,False,False,False
1998,22411948.0,69.0,64.0,136.0,Flop,False,True,False,False,False
2003,148715342.0,73.0,72.0,140.0,Crowd Pleaser,False,True,False,False,False
2006,156229050.0,71.0,63.0,102.0,Flop,False,True,False,False,False
2004,64474705.0,74.0,68.0,135.0,Crowd Pleaser,False,True,False,False,False
2009,124514011.0,73.0,74.0,134.0,Crowd Pleaser,False,True,False,False,False
1989,49793054.0,72.0,62.0,107.0,Crowd Pleaser,True,False,False,False,False
2011,7018603.0,68.0,64.0,92.0,Flop,True,False,False,False,False
2015,45707924.0,74.0,60.0,129.0,Crowd Pleaser,False,True,False,False,False
1979,19010710.0,69.0,80.0,119.0,Flop,True,False,False,False,False
1984,47951979.0,74.0,61.0,138.0,Crowd Pleaser,False,True,False,False,False
2005,18991288.0,78.0,68.0,127.0,Crowd Pleaser,False,True,False,False,False
2005,105021488.0,80.0,69.0,144.0,Crowd Pleaser,False,True,False,False,False
2002,80491516.0,80.0,70.0,43.0,Crowd Pleaser,False,True,False,False,False
1977,28000000.0,73.0,61.0,123.0,Crowd Pleaser,False,True,False,False,False
2014,67665.0,85.0,70.0,58.0,Capolavoro Universale,False,True,False,False,False
1996,273552592.0,73.0,77.0,139.0,Crowd Pleaser,True,False,False,False,False
2018,45285890.0,61.0,68.0,89.0,Flop,False,False,False,False,False
2013,97470701.0,75.0,62.0,128.0,Crowd Pleaser,False,True,False,False,False
1981,61910507.0,71.0,78.0,125.0,Flop,False,True,False,False,False
2002,69679794.5,67.0,66.0,112.0,Flop,True,False,False,False,False
2011,24215385.0,82.0,71.0,140.0,Crowd Pleaser,False,True,False,False,False
2016,45060480.0,73.0,54.0,106.0,Crowd Pleaser,True,False,False,False,False
2009,18889972.0,69.0,68.0,111.0,Flop,False,True,False,False,False
1989,64431625.0,75.0,57.0,107.0,Capolavoro Universale,False,True,False,False,False
1978,98800000.0,69.0,72.0,101.0,Gemma della Critica,True,False,False,False,False
2020,26524989.0,73.0,66.0,133.0,Crowd Pleaser,False,True,False,False,False
2020,6482891.0,69.0,68.0,113.0,Gemma della Critica,True,False,False,False,False
1986,52293000.0,70.0,77.0,119.0,Gemma della Critica,False,True,False,False,False
2003,15396525.0,80.0,82.0,106.0,Capolavoro Universale,False,False,False,False,False
2006,736762.0,54.0,53.0,115.0,Gemma della Critica,False,True,False,False,False
2004,231928227.0,81.0,86.0,132.0,Capolavoro Universale,False,True,False,False,False
1979,20000000.0,77.0,91.0,101.0,Capolavoro Universale,True,False,False,False,False
2013,98230839.0,81.0,74.0,123.0,Capolavoro Universale,False,True,False,False,False
2010,129262388.0,78.0,79.0,116.0,Capolavoro Universale,False,True,False,False,False
2014,19303058.0,70.0,81.0,134.0,Gemma della Critica,False,True,False,False,False
2018,213591522.0,71.0,66.0,130.0,Flop,False,True,False,False,False
1976,42349782.0,73.0,84.0,102.0,Capolavoro Universale,True,False,False,False,False
1961,7600000.0,80.0,90.0,134.0,Capolavoro Universale,False,True,False,False,False
1976,225000000.0,81.0,70.0,120.0,Capolavoro Universale,False,True,False,False,False
1980,23380513.0,82.0,89.0,129.0,Capolavoro Universale,False,True,False,False,False
1988,50888729.0,70.0,73.0,108.0,Gemma della Critica,True,False,False,False,False
2011,111300835.0,76.0,87.0,133.0,Capolavoro Universale,False,True,False,False,False
2018,28611090.0,81.0,83.0,100.0,Capolavoro Universale,False,False,False,False,False
2008,46634275.0,79.0,80.0,109.0,Capolavoro Universale,False,True,False,False,False
2017,53797409.0,75.0,77.0,119.0,Capolavoro Universale,True,False,False,False,False
2015,173567581.0,76.0,82.0,133.0,Capolavoro Universale,False,True,False,False,False
2019,69679794.5,81.0,81.0,152.0,Capolavoro Universale,False,True,False,False,False
2006,2580348.0,81.0,70.0,60.0,Crowd Pleaser,False,True,False,False,False
2009,22024849.0,61.0,48.0,104.0,Flop,False,False,True,False,False
1982,79114085.0,69.0,43.0,129.0,Flop,False,False,False,False,False
2008,129075270.0,65.0,57.0,104.0,Flop,False,False,False,False,False
1985,18400000.0,69.0,64.0,121.0,Flop,True,False,False,False,False
2009,64352607.0,68.0,65.0,123.0,Flop,True,False,False,False,False
1981,493214888.0,58.0,39.0,106.0,Flop,False,False,False,False,False
2020,69679794.5,61.0,49.0,110.0,Flop,True,False,False,False,False
2008,417341288.0,65.0,62.0,150.0,Flop,False,False,False,False,False
1999,207068340.0,73.0,70.0,45.0,Crowd Pleaser,False,True,False,False,False
2012,1014938545.0,78.0,58.0,169.0,Crowd Pleaser,False,False,False,False,False
1987,63749955.0,65.0,67.0,118.0,Flop,True,False,False,False,False
2005,128745578.0,66.0,59.0,97.0,Flop,True,False,False,False,False
2010,69679794.5,61.0,52.0,109.0,Flop,True,False,False,False,False
2016,69679794.5,67.0,57.0,127.0,Flop,False,True,False,False,False
2014,212550576.0,59.0,69.0,125.0,Flop,True,False,False,False,False
2003,95255485.0,68.0,64.0,113.0,Flop,False,False,False,False,False
1995,69679794.5,75.0,73.0,112.0,Crowd Pleaser,False,True,False,False,False
1982,40577001.0,71.0,66.0,93.0,Flop,False,False,False,False,False
2013,959358436.0,78.0,66.0,161.0,Crowd Pleaser,False,False,False,False,False
2009,99123656.0,67.0,71.0,101.0,Flop,False,True,False,False,False
1981,34200000.0,73.0,56.0,140.0,Crowd Pleaser,False,True,False,False,False
2005,69679794.5,69.0,75.0,143.0,Flop,False,False,False,False,False
2010,69679794.5,62.0,70.0,107.0,Flop,False,False,False,False,False
1981,6000000.0,66.0,68.0,109.0,Flop,False,False,False,False,False
1973,68535.0,78.0,76.0,114.0,Crowd Pleaser,False,True,False,False,False
2008,162839667.0,65.0,62.0,96.0,Flop,False,True,False,False,False
2019,798332900.0,67.0,58.0,123.0,Flop,False,False,False,False,False
2015,69679794.5,64.0,72.0,134.0,Flop,False,True,False,False,False
2010,69679794.5,77.0,65.0,146.0,Crowd Pleaser,False,False,False,False,False
2007,69679794.5,75.0,71.0,138.0,Crowd Pleaser,False,False,False,False,False
2001,69679794.5,76.0,65.0,152.0,Crowd Pleaser,False,False,False,False,False
2002,875454054.0,74.0,63.0,161.0,Crowd Pleaser,False,False,False,False,False
1996,33098222.0,69.0,72.0,102.0,Gemma della Critica,True,False,False,False,False
2005,475825484.0,66.0,72.0,115.0,Flop,True,False,False,False,False
2007,137984788.0,72.0,74.0,96.0,Crowd Pleaser,False,True,False,False,False
1963,69679794.5,59.0,70.0,180.0,Gemma della Critica,False,False,False,False,False
1981,37400000.0,69.0,79.0,110.0,Gemma della Critica,True,False,False,False,False
2016,199646680.0,63.0,66.0,117.0,Flop,False,False,False,False,False
2015,542351353.0,42.0,41.0,113.0,Flop,True,False,False,False,False
1990,53980220.0,79.0,74.0,105.0,Capolavoro Universale,False,True,False,False,False
2009,929411069.0,76.0,78.0,153.0,Crowd Pleaser,False,False,False,False,False
1990,26576182.0,53.0,47.0,106.0,Gemma della Critica,True,False,False,False,False
2016,811724385.0,72.0,66.0,132.0,Crowd Pleaser,False,False,False,False,False
1989,8040008.0,71.0,69.0,126.0,Gemma della Critica,True,False,False,False,False
2005,886746240.0,77.0,81.0,157.0,Capolavoro Universale,False,False,False,False,False
2017,1273109220.0,70.0,70.0,60.0,Flop,False,True,False,False,False
1957,69679794.5,81.0,88.0,96.0,Capolavoro Universale,False,True,False,False,False
2004,789592708.0,79.0,82.0,142.0,Capolavoro Universale,False,False,False,False,False
1924,69679794.5,74.0,70.0,106.0,Capolavoro Universale,False,False,False,False,False
2007,340384141.0,71.0,75.0,107.0,Gemma della Critica,True,False,False,False,False
1988,69679794.5,77.0,83.0,104.0,Capolavoro Universale,True,False,False,False,False
1964,102296454.0,78.0,88.0,139.0,Capolavoro Universale,True,False,False,False,False
2018,348901032.0,67.0,66.0,130.0,Flop,True,False,False,False,False
2016,69679794.5,67.0,71.0,102.0,Gemma della Critica,True,False,False,False,False
2003,69679794.5,90.0,94.0,201.0,Capolavoro Universale,False,True,False,False,False
2002,919148764.0,88.0,87.0,179.0,Capolavoro Universale,False,True,False,False,False
2021,18869960.0,66.0,85.0,130.0,Gemma della Critica,False,True,False,False,False
2006,69679794.5,82.0,98.0,118.0,Capolavoro Universale,False,True,False,False,False
2016,46414530.0,74.0,76.0,108.0,Capolavoro Universale,False,True,False,False,False
2011,69679794.5,81.0,85.0,130.0,Capolavoro Universale,False,False,False,False,False
1999,511358276.0,79.0,88.0,92.0,Capolavoro Universale,True,False,False,False,False
1995,365270951.0,83.0,95.0,81.0,Capolavoro Universale,True,False,False,False,False
2003,936094852.0,82.0,90.0,100.0,Capolavoro Universale,True,False,False,False,False
2010,494870992.0,81.0,75.0,98.0,Capolavoro Universale,True,False,False,False,False
2015,852830107.0,82.0,94.0,95.0,Capolavoro Universale,True,False,False,False,False
2010,1068879522.0,83.0,92.0,103.0,Capolavoro Universale,True,False,False,False,False
2016,1004629935.0,80.0,78.0,108.0,Capolavoro Universale,True,False,False,False,False
2009,731463377.0,83.0,88.0,96.0,Capolavoro Universale,True,False,False,False,False
2019,1073080329.0,77.0,84.0,100.0,Capolavoro Universale,True,False,False,False,False
2018,69679794.5,84.0,87.0,117.0,Capolavoro Universale,True,False,False,False,False
2017,797666425.0,84.0,81.0,105.0,Capolavoro Universale,False,False,False,False,False
2004,631441092.0,80.0,90.0,115.0,Capolavoro Universale,False,False,False,False,False
2007,626549695.0,81.0,96.0,111.0,Capolavoro Universale,True,False,False,False,False
2001,560483719.0,81.0,79.0,92.0,Capolavoro Universale,True,False,False,False,False
2020,118708427.0,80.0,83.0,100.0,Capolavoro Universale,True,False,False,False,False
2016,634965560.0,76.0,81.0,107.0,Capolavoro Universale,True,False,False,False,False
2016,1025006125.0,73.0,77.0,97.0,Capolavoro Universale,True,False,False,False,False
2018,1242805359.0,76.0,80.0,118.0,Capolavoro Universale,True,False,False,False,False
2021,116682905.0,73.0,75.0,107.0,Capolavoro Universale,True,False,False,False,False
2015,102028919.0,64.0,70.0,88.0,Gemma della Critica,False,False,False,True,False
2011,148168160.0,71.0,69.0,97.0,Gemma della Critica,False,False,False,False,False
1998,152457863.0,66.0,72.0,83.0,Gemma della Critica,True,False,False,False,False
1998,69679794.5,72.0,77.0,95.0,Capolavoro Universale,True,False,False,False,False
2014,614586270.0,78.0,77.0,102.0,Capolavoro Universale,True,False,False,False,False
2019,69679794.5,74.0,71.0,104.0,Capolavoro Universale,True,False,False,False,False
2013,1265596785.0,74.0,75.0,102.0,Capolavoro Universale,True,False,False,False,False
2014,649657407.0,78.0,74.0,102.0,Capolavoro Universale,True,False,False,False,False
2004,935253978.0,73.0,75.0,93.0,Capolavoro Universale,True,False,False,False,False
2010,584899819.0,77.0,71.0,100.0,Capolavoro Universale,True,False,False,False,False
2008,328015029.0,68.0,67.0,96.0,Gemma della Critica,True,False,False,False,False
2020,133317030.0,74.0,61.0,102.0,Capolavoro Universale,True,False,False,False,False
2018,69679794.5,70.0,71.0,112.0,Gemma della Critica,False,False,False,True,False
2011,245724600.0,72.0,75.0,107.0,Capolavoro Universale,True,False,False,False,False
2001,491812794.0,79.0,84.0,90.0,Capolavoro Universale,True,False,False,False,False
2015,250091610.0,70.0,67.0,88.0,Gemma della Critica,True,False,False,False,False
2012,496511521.0,77.0,72.0,101.0,Capolavoro Universale,True,False,False,False,False
2008,631910531.0,76.0,74.0,92.0,Capolavoro Universale,True,False,False,False,False
2017,126422949.0,62.0,69.0,89.0,Gemma della Critica,True,False,False,False,False
2022,154443666.0,69.0,64.0,100.0,Gemma della Critica,True,False,False,False,False
2011,69679794.5,67.0,70.0,90.0,Gemma della Critica,False,False,False,True,False
2016,521170825.0,71.0,66.0,95.0,Gemma della Critica,True,False,False,False,False
2011,554987477.0,66.0,65.0,90.0,Gemma della Critica,True,False,False,False,False
2014,97651543.0,72.0,67.0,95.0,Crowd Pleaser,True,False,False,False,False
2016,141344255.0,61.0,66.0,89.0,Flop,True,False,False,False,False
2019,188659191.0,70.0,61.0,97.0,Flop,True,False,False,False,False
2010,543464573.0,76.0,72.0,95.0,Crowd Pleaser,True,False,False,False,False
2014,269806430.0,68.0,59.0,92.0,Flop,True,False,False,False,False
2013,743455810.0,73.0,65.0,104.0,Crowd Pleaser,True,False,False,False,False
2011,664837547.0,72.0,67.0,90.0,Crowd Pleaser,True,False,False,False,False
2007,69679794.5,67.0,64.0,85.0,Flop,True,False,False,False,False
2012,554606532.0,71.0,69.0,93.0,Flop,True,False,False,False,False
2012,746921271.0,68.0,60.0,93.0,Flop,True,False,False,False,False
2002,386116343.0,75.0,61.0,81.0,Crowd Pleaser,True,False,False,False,False
2020,214902998.0,69.0,56.0,95.0,Flop,True,False,False,False,False
2015,333771037.0,67.0,66.0,93.0,Flop,True,False,False,False,False
2006,385000317.0,64.0,77.0,108.0,Flop,False,False,False,False,False
2018,213682073.0,66.0,60.0,96.0,Flop,True,False,False,False,False
2013,975216835.0,73.0,62.0,98.0,Crowd Pleaser,True,False,False,False,False
2006,343397247.0,67.0,67.0,83.0,Flop,True,False,False,False,False
2016,343242613.0,64.0,55.0,92.0,Flop,True,False,False,False,False
2006,141267370.0,66.0,68.0,91.0,Flop,True,False,False,False,False
2012,306900902.0,72.0,58.0,97.0,Crowd Pleaser,True,False,False,False,False
2011,373993951.0,73.0,68.0,107.0,Crowd Pleaser,False,False,False,False,False
2009,381687380.0,64.0,56.0,94.0,Flop,True,False,False,False,False
2006,461630558.0,72.0,73.0,117.0,Crowd Pleaser,True,False,False,False,False
2014,366942531.0,66.0,53.0,92.0,Flop,True,False,False,False,False
2006,179357126.0,66.0,74.0,85.0,Flop,True,False,False,False,False
2019,152491897.0,64.0,60.0,97.0,Flop,True,False,False,False,False
2016,885302500.0,65.0,61.0,87.0,Flop,True,False,False,False,False
2010,321887208.0,73.0,63.0,95.0,Crowd Pleaser,True,False,False,False,False
2011,487519809.0,69.0,63.0,96.0,Flop,True,False,False,False,False
2013,573068425.0,72.0,55.0,98.0,Crowd Pleaser,True,False,False,False,False
2016,631064182.0,71.0,59.0,108.0,Flop,True,False,False,False,False
2017,383541369.0,67.0,59.0,102.0,Flop,True,False,False,False,False
2007,170552719.0,68.0,61.0,95.0,Flop,True,False,False,False,False
2013,286896578.0,64.0,58.0,96.0,Flop,True,False,False,False,False
2016,183353431.0,68.0,56.0,87.0,Flop,True,False,False,False,False
2013,262794441.0,66.0,52.0,102.0,Flop,False,False,False,False,False
2005,260636271.0,64.0,64.0,91.0,Flop,True,False,False,False,False
2008,599680774.0,66.0,61.0,89.0,Flop,True,False,False,False,False
2000,356148063.0,64.0,56.0,82.0,Flop,False,True,False,False,False
2018,527848903.0,63.0,54.0,97.0,Flop,True,False,False,False,False
2006,49610898.0,58.0,59.0,88.0,Flop,True,False,False,False,False
2002,106515310.0,71.0,52.0,83.0,Flop,False,True,False,False,False
2014,2947737.0,67.0,64.0,92.0,Flop,False,False,False,False,True
2011,1217307.0,65.0,61.0,102.0,Flop,False,False,False,False,False
2016,162122642.0,68.0,54.0,132.0,Flop,False,False,False,False,False
1995,1078485.0,75.0,62.0,121.0,Crowd Pleaser,False,True,False,False,False
1998,186883563.0,67.0,65.0,169.0,Flop,False,True,False,False,False
1985,33200000.0,72.0,64.0,133.0,Crowd Pleaser,False,True,False,False,False
2017,36976336.0,72.0,65.0,134.0,Crowd Pleaser,False,True,False,False,False
2007,69679794.5,75.0,68.0,160.0,Crowd Pleaser,False,True,False,False,False
1990,244087268.0,74.0,55.0,118.0,Crowd Pleaser,True,False,False,False,False
1993,56505065.0,78.0,50.0,130.0,Crowd Pleaser,False,True,False,False,False
2018,115515.0,55.0,66.0,88.0,Flop,False,False,True,False,False
2000,71189835.0,66.0,77.0,110.0,Flop,True,False,False,False,False
2003,68613992.0,74.0,67.0,139.0,Crowd Pleaser,False,True,False,False,False
2019,69679794.5,60.0,75.0,124.0,Flop,False,True,False,False,False
2014,8217571.0,66.0,68.0,122.0,Flop,False,True,False,False,False
2015,152366784.0,78.0,68.0,168.0,Crowd Pleaser,False,False,False,False,True
2010,1869928.0,65.0,85.0,104.0,Gemma della Critica,False,False,False,False,True
2005,69679794.5,73.0,77.0,121.0,Crowd Pleaser,False,False,False,False,False
2005,5313608.0,73.0,73.0,104.0,Crowd Pleaser,False,True,False,False,False
1973,3000000.0,86.0,70.0,62.0,Crowd Pleaser,False,True,False,False,False
1987,3369307.0,69.0,76.0,94.0,Flop,False,False,True,False,False
2013,69679794.5,74.0,70.0,57.0,Capolavoro Universale,False,False,False,False,True
2015,532938302.0,80.0,76.0,156.0,Crowd Pleaser,False,True,False,False,False
1985,41410568.0,73.0,61.0,115.0,Capolavoro Universale,False,True,False,False,False
1969,252276928.0,76.0,80.0,110.0,Capolavoro Universale,False,True,False,False,False
1965,20666667.0,68.0,60.0,97.0,Gemma della Critica,True,False,False,False,False
2018,14636067.0,69.0,78.0,122.0,Gemma della Critica,False,True,False,False,False
2007,71171825.0,76.0,70.0,92.0,Capolavoro Universale,False,False,False,False,True
2015,2089072.0,69.0,72.0,84.0,Gemma della Critica,False,False,False,False,True
1972,44693786.0,75.0,75.0,108.0,Capolavoro Universale,False,True,False,False,False
1962,8000000.0,81.0,94.0,123.0,Capolavoro Universale,False,True,False,False,False
1973,15700000.0,75.0,69.0,105.0,Capolavoro Universale,False,True,False,False,False
2017,44984979.0,77.0,73.0,107.0,Capolavoro Universale,False,True,False,False,False
1970,31559552.0,76.0,63.0,139.0,Capolavoro Universale,True,False,False,False,False
2017,2291545.0,69.0,88.0,113.0,Gemma della Critica,False,False,False,False,False
1961,8200000.0,43.0,25.0,94.0,Gemma della Critica,True,False,False,False,False
2018,69679794.5,73.0,79.0,133.0,Capolavoro Universale,True,False,False,False,False
1955,69679794.5,77.0,70.0,81.0,Capolavoro Universale,False,False,False,False,True
1956,30194409.0,76.0,84.0,201.0,Capolavoro Universale,False,True,False,False,False
1965,69679794.5,67.0,62.0,123.0,Gemma della Critica,False,False,False,False,False
1967,6000000.0,76.0,85.0,126.0,Capolavoro Universale,False,True,False,False,False
1957,69679794.5,73.0,84.0,83.0,Capolavoro Universale,False,False,False,False,False
1964,69679794.5,79.0,65.0,99.0,Capolavoro Universale,False,True,False,False,False
2007,164035753.0,82.0,92.0,122.0,Capolavoro Universale,False,True,False,False,False
1956,69679794.5,79.0,94.0,119.0,Capolavoro Universale,False,True,False,False,False
1992,159157447.0,82.0,85.0,130.0,Capolavoro Universale,False,True,False,False,False
1939,69679794.5,78.0,93.0,96.0,Capolavoro Universale,False,True,False,False,False
1952,8000000.0,80.0,89.0,85.0,Capolavoro Universale,False,True,False,False,False
1967,69679794.5,88.0,90.0,178.0,Capolavoro Universale,False,False,False,False,False
1957,33300000.0,82.0,87.0,161.0,Capolavoro Universale,False,True,False,False,False
1957,69679794.5,84.0,90.0,88.0,Capolavoro Universale,False,True,False,False,False
1951,237370350.0,55.0,40.0,104.0,Gemma della Critica,False,True,False,False,False
1961,69679794.5,73.0,83.0,79.0,Capolavoro Universale,True,False,False,False,False
1946,23600000.0,81.0,93.0,170.0,Capolavoro Universale,False,True,False,False,False
1956,3000000.0,75.0,80.0,98.0,Capolavoro Universale,False,False,False,True,False
1960,60000000.0,85.0,70.0,55.0,Capolavoro Universale,False,True,False,False,False
1955,402723.0,83.0,70.0,125.0,Capolavoro Universale,False,True,False,False,False
2001,159691085.0,77.0,74.0,144.0,Crowd Pleaser,False,True,False,False,False
1979,69679794.5,75.0,63.0,142.0,Crowd Pleaser,False,True,False,False,False
2004,69679794.5,76.0,76.0,133.0,Crowd Pleaser,False,True,False,False,False
2014,547326372.0,73.0,72.0,133.0,Crowd Pleaser,False,True,False,False,False
2011,156815529.0,72.0,72.0,146.0,Crowd Pleaser,False,True,False,False,False
1998,97709034.0,76.0,78.0,170.0,Crowd Pleaser,False,True,False,False,False
2013,149804632.0,75.0,60.0,121.0,Crowd Pleaser,False,True,False,False,False
1980,69847348.0,62.0,59.0,109.0,Flop,True,False,False,False,False
1997,69679794.5,86.0,59.0,116.0,Crowd Pleaser,True,False,False,False,False
2014,210315681.0,75.0,64.0,134.0,Crowd Pleaser,False,True,False,False,False
2008,329631958.0,78.0,70.0,166.0,Crowd Pleaser,False,True,False,False,False
2012,402448265.0,70.0,64.0,124.0,Flop,False,False,False,True,False
2002,408250578.0,68.0,59.0,106.0,Flop,False,True,False,False,False
2004,101173038.0,64.0,50.0,100.0,Flop,False,True,False,False,False
2021,69679794.5,68.0,61.0,98.0,Flop,True,False,False,False,False
2018,69679794.5,68.0,67.0,114.0,Flop,True,False,False,False,False
2019,188751.0,75.0,70.0,240.0,Crowd Pleaser,False,True,False,False,False
2020,69679794.5,73.0,58.0,95.0,Crowd Pleaser,True,False,False,False,False
2000,75763814.0,77.0,69.0,107.0,Crowd Pleaser,True,False,False,False,False
2019,22373378.0,65.0,70.0,102.0,Flop,True,False,False,False,False
2002,183354514.0,77.0,72.0,117.0,Crowd Pleaser,False,True,False,False,False
2019,242788.0,72.0,66.0,119.0,Crowd Pleaser,False,True,False,False,False
1981,13747988.0,74.0,86.0,108.0,Crowd Pleaser,False,True,False,False,False
1996,100833145.0,66.0,77.0,116.0,Flop,False,True,False,False,False
2020,10862200.0,71.0,65.0,112.0,Flop,False,False,False,False,True
2020,69679794.5,66.0,68.0,95.0,Flop,True,False,False,False,False
1993,32790064.0,77.0,84.0,139.0,Capolavoro Universale,False,True,False,False,False
1999,672806292.0,82.0,64.0,107.0,Capolavoro Universale,False,True,False,False,False
2011,7862131.0,63.0,70.0,87.0,Gemma della Critica,True,False,False,False,False
2004,36028802.0,74.0,67.0,102.0,Capolavoro Universale,True,False,False,False,False
2012,23265132.0,72.0,86.0,93.0,Capolavoro Universale,False,False,False,False,False
1986,137978395.0,81.0,92.0,120.0,Capolavoro Universale,False,True,False,False,False
2019,7422058.0,68.0,72.0,104.0,Gemma della Critica,True,False,False,False,False
2020,3117353.0,71.0,61.0,110.0,Gemma della Critica,False,True,False,False,False
2012,830700.0,64.0,68.0,90.0,Gemma della Critica,False,True,False,False,False
2000,427230516.0,78.0,73.0,143.0,Capolavoro Universale,False,True,False,False,False
2012,273346281.0,73.0,86.0,150.0,Capolavoro Universale,False,True,False,False,False
2017,10891281.0,68.0,84.0,89.0,Gemma della Critica,False,True,False,False,False
2009,212453431.0,79.0,81.0,112.0,Capolavoro Universale,False,False,False,True,False
2012,134612435.0,74.0,95.0,157.0,Capolavoro Universale,False,True,False,False,False
2018,45249153.0,75.0,90.0,89.0,Capolavoro Universale,False,True,False,False,False
2013,32943247.0,74.0,93.0,104.0,Capolavoro Universale,True,False,False,False,False
1973,30933991.0,81.0,77.0,102.0,Capolavoro Universale,True,False,False,False,False
2021,69679794.5,51.0,70.0,81.0,Gemma della Critica,False,False,True,False,False
2019,69679794.5,67.0,84.0,91.0,Gemma della Critica,False,True,False,False,False
1963,13474929.0,79.0,83.0,113.0,Capolavoro Universale,True,False,False,False,False
1946,69679794.5,86.0,89.0,130.0,Capolavoro Universale,False,True,False,False,False
1996,51203925.0,89.0,70.0,53.0,Capolavoro Universale,False,True,False,False,False
2019,3415542.0,72.0,73.0,94.0,Capolavoro Universale,False,True,False,False,False
2015,935900.0,71.0,86.0,88.0,Gemma della Critica,True,False,False,False,False
2021,69679794.5,75.0,82.0,127.0,Capolavoro Universale,False,True,False,False,False
2016,23934375.0,64.0,87.0,90.0,Gemma della Critica,True,False,False,False,False
2016,10727536.0,73.0,90.0,118.0,Capolavoro Universale,True,False,False,False,False
2016,77733867.0,78.0,96.0,137.0,Capolavoro Universale,False,True,False,False,False
2004,109726800.0,75.0,94.0,127.0,Capolavoro Universale,True,False,False,False,False
2019,516819.0,77.0,82.0,120.0,Capolavoro Universale,False,True,False,False,False
2019,69679794.5,64.0,72.0,91.0,Gemma della Critica,True,False,False,False,False
2017,56868677.0,75.0,86.0,120.0,Capolavoro Universale,True,False,False,False,False
1986,52287766.0,81.0,75.0,89.0,Capolavoro Universale,False,True,False,False,False
2020,69679794.5,63.0,68.0,90.0,Gemma della Critica,True,False,False,False,False
2019,263452.0,67.0,64.0,113.0,Gemma della Critica,False,True,False,False,False
1987,45015999.0,83.0,76.0,116.0,Capolavoro Universale,False,True,False,False,False
2019,69679794.5,73.0,72.0,122.0,Capolavoro Universale,False,True,False,False,False
2021,69679794.5,71.0,76.0,125.0,Gemma della Critica,False,True,False,False,False
2007,77208711.0,82.0,93.0,158.0,Capolavoro Universale,False,True,False,False,False
2017,28717667.0,73.0,76.0,104.0,Capolavoro Universale,True,False,False,False,False
2017,47812199.0,74.0,90.0,130.0,Capolavoro Universale,False,True,False,False,False
2016,816452.0,63.0,70.0,89.0,Gemma della Critica,False,False,False,False,True
2018,69679794.5,65.0,62.0,105.0,Gemma della Critica,True,False,False,False,False
2015,90777.0,77.0,79.0,137.0,Capolavoro Universale,False,True,False,False,False
2012,236412453.0,77.0,81.0,122.0,Capolavoro Universale,True,False,False,False,False
2020,69679794.5,65.0,82.0,154.0,Gemma della Critica,False,True,False,False,False
2019,50023780.0,74.0,91.0,135.0,Capolavoro Universale,False,True,False,False,False
2017,518058826.0,78.0,94.0,106.0,Capolavoro Universale,False,True,False,False,False
2016,13587246.0,66.0,67.0,82.0,Gemma della Critica,False,False,True,False,False
2018,69679794.5,59.0,71.0,94.0,Gemma della Critica,False,True,False,False,False
2018,69679794.5,72.0,83.0,123.0,Capolavoro Universale,True,False,False,False,False
2019,69679794.5,61.0,71.0,78.0,Gemma della Critica,True,False,False,False,False
1998,485035085.0,86.0,91.0,169.0,Capolavoro Universale,False,True,False,False,False
2011,162275213.0,77.0,81.0,94.0,Capolavoro Universale,True,False,False,False,False
2011,180047784.0,75.0,83.0,126.0,Capolavoro Universale,False,True,False,False,False
2012,170466405.0,74.0,84.0,119.0,Capolavoro Universale,False,True,False,False,False
2018,18285560.0,69.0,80.0,112.0,Gemma della Critica,True,False,False,False,False
1988,81613606.0,75.0,78.0,126.0,Capolavoro Universale,True,False,False,False,False
2019,322598.0,63.0,70.0,88.0,Gemma della Critica,True,False,False,False,False
2021,618109.0,67.0,86.0,121.0,Gemma della Critica,False,True,False,False,False
2013,48043998.0,80.0,91.0,126.0,Capolavoro Universale,False,True,False,False,False
2019,320349.0,79.0,94.0,137.0,Capolavoro Universale,False,True,False,False,False
2019,69679794.5,81.0,65.0,96.0,Capolavoro Universale,True,False,False,False,False
2014,50334418.0,78.0,76.0,117.0,Capolavoro Universale,False,True,False,False,False
2019,910234.0,78.0,94.0,209.0,Capolavoro Universale,False,True,False,False,False
2018,69679794.5,71.0,64.0,99.0,Gemma della Critica,True,False,False,False,False
1976,28447834.0,83.0,94.0,114.0,Capolavoro Universale,False,True,False,False,False
2010,224922135.0,78.0,95.0,120.0,Capolavoro Universale,False,True,False,False,False
2012,227140757.0,77.0,86.0,120.0,Capolavoro Universale,False,True,False,False,False
2018,1109544.0,77.0,96.0,135.0,Capolavoro Universale,False,True,False,False,False
2016,2671506.0,70.0,70.0,42.0,Gemma della Critica,False,True,False,False,False
2017,53559.0,74.0,85.0,134.0,Capolavoro Universale,False,True,False,False,False
2016,23900842.0,78.0,81.0,101.0,Capolavoro Universale,True,False,False,False,False
2019,69679794.5,72.0,76.0,118.0,Capolavoro Universale,True,False,False,False,False
2020,69679794.5,69.0,87.0,94.0,Gemma della Critica,False,True,False,False,False
2013,8758343.0,72.0,73.0,151.0,Capolavoro Universale,True,False,False,False,False
1982,69679794.5,50.0,70.0,86.0,Flop,False,False,True,False,False
1980,10000000.0,77.0,70.0,386.0,Crowd Pleaser,True,False,False,False,False
1982,1198346.0,60.0,68.0,85.0,Flop,False,False,True,False,False
1981,102836002.0,54.0,51.0,101.0,Flop,False,False,True,False,False
1981,69679794.5,59.0,45.0,89.0,Flop,False,False,True,False,False
1974,69679794.5,65.0,70.0,92.0,Flop,False,False,True,False,False
1981,69679794.5,63.0,42.0,91.0,Flop,False,False,True,False,False
2017,125010260.0,66.0,58.0,96.0,Flop,True,False,False,False,False
1988,44196684.0,57.0,48.0,90.0,Flop,False,True,False,False,False
1976,69679794.5,64.0,67.0,107.0,Flop,False,False,True,False,False
1983,69679794.5,62.0,58.0,84.0,Flop,False,False,True,False,False
1980,92670237.0,64.0,22.0,95.0,Flop,False,False,True,False,False
1980,31899000.0,71.0,74.0,104.0,Flop,False,True,False,False,False
1957,69679794.5,90.0,96.0,96.0,Capolavoro Universale,False,True,False,False,False
1959,69679794.5,80.0,95.0,161.0,Capolavoro Universale,False,True,False,False,False
2021,79749.0,66.0,88.0,100.0,Gemma della Critica,False,False,False,False,True
1966,69679794.5,75.0,70.0,52.0,Capolavoro Universale,False,False,False,False,True
1925,69679794.5,80.0,97.0,66.0,Capolavoro Universale,False,False,False,False,True
1995,5691852.0,81.0,77.0,101.0,Capolavoro Universale,False,True,False,False,False
1967,16218162.0,81.0,92.0,127.0,Capolavoro Universale,False,True,False,False,False
1925,69679794.5,82.0,70.0,95.0,Capolavoro Universale,False,False,False,False,False
1940,69679794.5,81.0,96.0,129.0,Capolavoro Universale,False,True,False,False,False
1988,69679794.5,85.0,94.0,89.0,Capolavoro Universale,False,True,False,False,False
1989,10176701.0,70.0,70.0,137.0,Gemma della Critica,False,True,False,False,False
1921,69688384.0,83.0,70.0,68.0,Capolavoro Universale,True,False,False,False,False
1944,69679794.5,79.0,70.0,88.0,Capolavoro Universale,False,True,False,False,False
2018,7691967.0,71.0,88.0,109.0,Gemma della Critica,False,True,False,False,False
1931,1972914.0,83.0,70.0,99.0,Capolavoro Universale,False,False,False,False,True
2017,69679794.5,76.0,86.0,96.0,Capolavoro Universale,True,False,False,False,False
2020,609586.0,80.0,97.0,101.0,Capolavoro Universale,False,True,False,False,False
1940,6002370.0,60.0,46.0,123.0,Gemma della Critica,False,True,False,False,False
1993,7266393.0,74.0,89.0,109.0,Capolavoro Universale,False,True,False,False,False
1954,69679794.5,86.0,98.0,207.0,Capolavoro Universale,False,True,False,False,False
1943,69679794.5,78.0,94.0,108.0,Capolavoro Universale,False,False,False,False,True
1952,7235585.0,83.0,99.0,103.0,Capolavoro Universale,True,False,False,False,False
1979,296334.0,81.0,70.0,162.0,Capolavoro Universale,False,True,False,False,False
1985,69679794.5,79.0,87.0,114.0,Capolavoro Universale,True,False,False,False,False
1994,69679794.5,81.0,100.0,99.0,Capolavoro Universale,False,True,False,False,False
1935,3202000.0,77.0,92.0,101.0,Capolavoro Universale,True,False,False,False,False
1953,69679794.5,82.0,85.0,131.0,Capolavoro Universale,False,False,False,False,False
